product,requirement_id,block,requirement,functional_score,max_score,assessment,remaining_and_basis,source_commit,checked_at,evidence,basis
aggregator,AG-01.1,Каталог и достоверность,Поиск и фильтры по модальности/задаче/цене с реальными данными,2,3,main-path-with-gaps,"Поиск/карточки → актуальные availability/price revision, лицензия, доказательства Arena, достоверные метрики",b6266cb7,2026-09-07,2026-09-07-functional-checkpoint.md,current source audit + accepted local evidence; no new production run
aggregator,AG-01.2,Каталог и достоверность,"Карточка показывает версию, лицензию, цену, доступность и ограничения",1,3,partial,"Поиск/карточки → актуальные availability/price revision, лицензия, доказательства Arena, достоверные метрики",b6266cb7,2026-09-07,2026-09-07-functional-checkpoint.md,current source audit + accepted local evidence; no new production run
aggregator,AG-01.3,Каталог и достоверность,Arena-результат имеет ссылку на методику/версию без выдуманных отзывов,0,3,missing-or-plan,"Поиск/карточки → актуальные availability/price revision, лицензия, доказательства Arena, достоверные метрики",b6266cb7,2026-09-07,2026-09-07-functional-checkpoint.md,current source audit + accepted local evidence; no new production run
aggregator,AG-02.1,Первый успешный вызов,Регистрация и восстановление доступа завершаются работающей сессией,2,3,main-path-with-gaps,"Auth и ключи → персональный оплаченный playground с результатом и расходом, восстановление сессии",b6266cb7,2026-09-07,2026-09-07-functional-checkpoint.md,current source audit + accepted local evidence; no new production run
aggregator,AG-02.2,Первый успешный вызов,Пользователь создаёт ограниченный API-ключ и отзывает его,2,3,main-path-with-gaps,"Auth и ключи → персональный оплаченный playground с результатом и расходом, восстановление сессии",b6266cb7,2026-09-07,2026-09-07-functional-checkpoint.md,current source audit + accepted local evidence; no new production run
aggregator,AG-02.3,Первый успешный вызов,Playground и пример API выполняют тот же оплачиваемый путь и показывают стоимость,1,3,partial,"Auth и ключи → персональный оплаченный playground с результатом и расходом, восстановление сессии",b6266cb7,2026-09-07,2026-09-07-functional-checkpoint.md,current source audit + accepted local evidence; no new production run
aggregator,AG-03.1,Платежи и права на использование,Подтверждённая оплата начисляет именно доступные gateway средства однократно,2,3,main-path-with-gaps,"RUB credit bridge и refund primitives → единый payment/grant/refund/debt flow, renewal и TON",b6266cb7,2026-09-07,2026-09-07-functional-checkpoint.md,current source audit + accepted local evidence; no new production run
aggregator,AG-03.2,Платежи и права на использование,Подписка активируется/продлевается/отменяется согласно периоду и квоте,1,3,partial,"RUB credit bridge и refund primitives → единый payment/grant/refund/debt flow, renewal и TON",b6266cb7,2026-09-07,2026-09-07-functional-checkpoint.md,current source audit + accepted local evidence; no new production run
aggregator,AG-03.3,Платежи и права на использование,Refund и chargeback сверяют деньги провайдера с балансом и фиксируют задолженность при уже потраченном остатке,1,3,partial,"RUB credit bridge и refund primitives → единый payment/grant/refund/debt flow, renewal и TON",b6266cb7,2026-09-07,2026-09-07-functional-checkpoint.md,current source audit + accepted local evidence; no new production run
aggregator,AG-04.1,Gateway и учёт,Stream/non-stream и каждая включённая модальность соблюдают резерв/settle/лимиты,1,3,partial,"Реальные legacy routes → резерв, durable quota, outcome, HTTP idempotency и восстановление",b6266cb7,2026-09-07,2026-09-07-functional-checkpoint.md,current source audit + accepted local evidence; no new production run
aggregator,AG-04.2,Gateway и учёт,Сбой upstream и повтор запроса не дают двойного списания либо бесплатного обхода,1,3,partial,"Реальные legacy routes → резерв, durable quota, outcome, HTTP idempotency и восстановление",b6266cb7,2026-09-07,2026-09-07-functional-checkpoint.md,current source audit + accepted local evidence; no new production run
aggregator,AG-04.3,Gateway и учёт,Usage-запись и проводка связаны request_id и сверяются после обрыва соединения,1,3,partial,"Реальные legacy routes → резерв, durable quota, outcome, HTTP idempotency и восстановление",b6266cb7,2026-09-07,2026-09-07-functional-checkpoint.md,current source audit + accepted local evidence; no new production run
aggregator,AG-05.1,Подключение провайдера,Capability registry допускает только реально поддержанные маршруты/модальности,1,3,partial,"Adapters/failover → единый capability contract, ценовые версии и общий предел расхода попыток",b6266cb7,2026-09-07,2026-09-07-functional-checkpoint.md,current source audit + accepted local evidence; no new production run
aggregator,AG-05.2,Подключение провайдера,"Таймауты, деградация и failover следуют бюджету и явно заданной политике",2,3,main-path-with-gaps,"Adapters/failover → единый capability contract, ценовые версии и общий предел расхода попыток",b6266cb7,2026-09-07,2026-09-07-functional-checkpoint.md,current source audit + accepted local evidence; no new production run
aggregator,AG-05.3,Подключение провайдера,Изменение цены/заморозка обновляет каталог и routing без продажи устаревших условий,1,3,partial,"Adapters/failover → единый capability contract, ценовые версии и общий предел расхода попыток",b6266cb7,2026-09-07,2026-09-07-functional-checkpoint.md,current source audit + accepted local evidence; no new production run
aggregator,AG-06.1,Автор и публикация,Автор подаёт endpoint или поддержанный артефакт с правами и описанием,1,3,partial,"Заявка и moderation flags → безопасный probe, вызываемая immutable версия, обновление/откат",b6266cb7,2026-09-07,2026-09-07-functional-checkpoint.md,current source audit + accepted local evidence; no new production run
aggregator,AG-06.2,Автор и публикация,Модерация проверяет безопасный вызов и создаёт вызываемую версию с adapter/upstream,1,3,partial,"Заявка и moderation flags → безопасный probe, вызываемая immutable версия, обновление/откат",b6266cb7,2026-09-07,2026-09-07-functional-checkpoint.md,current source audit + accepted local evidence; no new production run
aggregator,AG-06.3,Автор и публикация,"Обновление версии, снятие с продажи и откат сохраняют ссылки старых потребителей",1,3,partial,"Заявка и moderation flags → безопасный probe, вызываемая immutable версия, обновление/откат",b6266cb7,2026-09-07,2026-09-07-functional-checkpoint.md,current source audit + accepted local evidence; no new production run
aggregator,AG-07.1,Авторский доход,Успешный оплаченный вызов начисляет долю автору и платформе в одном учётном процессе,1,3,partial,"Кабинет/заготовки начислений → earnings в действующем credit settle, реальные payout/reversal states",b6266cb7,2026-09-07,2026-09-07-functional-checkpoint.md,current source audit + accepted local evidence; no new production run
aggregator,AG-07.2,Авторский доход,Кабинет объясняет pending/available/paid/reversed и источник каждого начисления,1,3,partial,"Кабинет/заготовки начислений → earnings в действующем credit settle, реальные payout/reversal states",b6266cb7,2026-09-07,2026-09-07-functional-checkpoint.md,current source audit + accepted local evidence; no new production run
aggregator,AG-07.3,Авторский доход,Выплата и её повтор/ошибка/возврат не выдают деньги дважды,1,3,partial,"Кабинет/заготовки начислений → earnings в действующем credit settle, реальные payout/reversal states",b6266cb7,2026-09-07,2026-09-07-functional-checkpoint.md,current source audit + accepted local evidence; no new production run
aggregator,AG-08.1,Организации и безопасность,"Роли, tenant isolation, отзыв ключа и блокировка работают на сервере",2,3,main-path-with-gaps,"Серверные роли/ключи/egress → полная tenant матрица, author secret protection, квоты всех денежных routes",b6266cb7,2026-09-07,2026-09-07-functional-checkpoint.md,current source audit + accepted local evidence; no new production run
aggregator,AG-08.2,Организации и безопасность,SSRF/redirect/DNS и секреты защищены при подключении endpoint автора,1,3,partial,"Серверные роли/ключи/egress → полная tenant матрица, author secret protection, квоты всех денежных routes",b6266cb7,2026-09-07,2026-09-07-functional-checkpoint.md,current source audit + accepted local evidence; no new production run
aggregator,AG-08.3,Организации и безопасность,"Квоты, антифрод и журнал действий админа покрывают все денежные маршруты",1,3,partial,"Серверные роли/ключи/egress → полная tenant матрица, author secret protection, квоты всех денежных routes",b6266cb7,2026-09-07,2026-09-07-functional-checkpoint.md,current source audit + accepted local evidence; no new production run
aggregator,AG-09.1,Асинхронные задачи,Для каждой продаваемой async-модальности polling реально сохраняет результат,1,3,partial,"Очереди и API → реальный polling/sink, deadline/cancel и одно конечное состояние после restart",b6266cb7,2026-09-07,2026-09-07-functional-checkpoint.md,current source audit + accepted local evidence; no new production run
aggregator,AG-09.2,Асинхронные задачи,"Зависшие задания имеют deadline, отмену и понятные правила оплаты",1,3,partial,"Очереди и API → реальный polling/sink, deadline/cancel и одно конечное состояние после restart",b6266cb7,2026-09-07,2026-09-07-functional-checkpoint.md,current source audit + accepted local evidence; no new production run
aggregator,AG-09.3,Асинхронные задачи,Восстановление worker после сбоя доводит задачу до одного терминального состояния,1,3,partial,"Очереди и API → реальный polling/sink, deadline/cancel и одно конечное состояние после restart",b6266cb7,2026-09-07,2026-09-07-functional-checkpoint.md,current source audit + accepted local evidence; no new production run
aggregator,AG-10.1,UX и доступность,Пути покупателя/автора/админа работают на мобильном и desktop без тупиков,1,3,partial,"Основные страницы → полные buyer/author/admin пути, восстановление ошибок, mobile/a11y",b6266cb7,2026-09-07,2026-09-07-functional-checkpoint.md,current source audit + accepted local evidence; no new production run
aggregator,AG-10.2,UX и доступность,Loading/empty/error/403/402 имеют объяснение и доступное следующее действие,1,3,partial,"Основные страницы → полные buyer/author/admin пути, восстановление ошибок, mobile/a11y",b6266cb7,2026-09-07,2026-09-07-functional-checkpoint.md,current source audit + accepted local evidence; no new production run
aggregator,AG-10.3,UX и доступность,"Клавиатура, фокус, контраст и reduced motion проверены на основных сценариях",1,3,partial,"Основные страницы → полные buyer/author/admin пути, восстановление ошибок, mobile/a11y",b6266cb7,2026-09-07,2026-09-07-functional-checkpoint.md,current source audit + accepted local evidence; no new production run
aggregator,AG-11.1,Эксплуатация и поддержка,CI проверяет обязательные DB integration tests без скрытого skip и безопасный deploy,2,3,main-path-with-gaps,"Native test/migration/deploy contracts → release gate, restore rehearsal, операторская сверка и споры",b6266cb7,2026-09-07,2026-09-07-functional-checkpoint.md,current source audit + accepted local evidence; no new production run
aggregator,AG-11.2,Эксплуатация и поддержка,"Миграции имеют журнал, backup/restore и проверенный rollback/recovery",2,3,main-path-with-gaps,"Native test/migration/deploy contracts → release gate, restore rehearsal, операторская сверка и споры",b6266cb7,2026-09-07,2026-09-07-functional-checkpoint.md,current source audit + accepted local evidence; no new production run
aggregator,AG-11.3,Эксплуатация и поддержка,"Метрики оплаты/вызовов/очередей, алерты и процесс спора доступны оператору",1,3,partial,"Native test/migration/deploy contracts → release gate, restore rehearsal, операторская сверка и споры",b6266cb7,2026-09-07,2026-09-07-functional-checkpoint.md,current source audit + accepted local evidence; no new production run
aggregator,AG-12.1,Экосистема и выпуск,Публичный каталог/usage API и service credentials независимы от внутренней БД,1,3,partial,"Базовые API → rich catalog/usage, реальные AM/Arena contracts и сквозной авторский выпуск",b6266cb7,2026-09-07,2026-09-07-functional-checkpoint.md,current source audit + accepted local evidence; no new production run
aggregator,AG-12.2,Экосистема и выпуск,Arena-публикация и Agents Market вызов проходят contract и end-to-end тесты,1,3,partial,"Базовые API → rich catalog/usage, реальные AM/Arena contracts и сквозной авторский выпуск",b6266cb7,2026-09-07,2026-09-07-functional-checkpoint.md,current source audit + accepted local evidence; no new production run
aggregator,AG-12.3,Экосистема и выпуск,Утверждены тарифы/права/условия поддержки и проверен полный авторский цикл на релизе,1,3,partial,"Базовые API → rich catalog/usage, реальные AM/Arena contracts и сквозной авторский выпуск",b6266cb7,2026-09-07,2026-09-07-functional-checkpoint.md,current source audit + accepted local evidence; no new production run
arena,AR-01.1,Каталог конкурсов,"Фильтры, карточки и дедлайны показывают настоящие условия и состояние конкурса",2,3,main-path-with-gaps,"DB-каталог/правила/draft ACL → настоящие deadline/funding условия, private artifact ACL",8a825925,2026-09-07,2026-09-07-functional-checkpoint.md,current source audit + accepted local evidence; no new production run
arena,AR-01.2,Каталог конкурсов,"Challenge detail раскрывает правила, данные, критерии, финансирование и ограничения",2,3,main-path-with-gaps,"DB-каталог/правила/draft ACL → настоящие deadline/funding условия, private artifact ACL",8a825925,2026-09-07,2026-09-07-functional-checkpoint.md,current source audit + accepted local evidence; no new production run
arena,AR-01.3,Каталог конкурсов,Черновики и закрытые материалы видны только разрешённым ролям,2,3,main-path-with-gaps,"DB-каталог/правила/draft ACL → настоящие deadline/funding условия, private artifact ACL",8a825925,2026-09-07,2026-09-07-functional-checkpoint.md,current source audit + accepted local evidence; no new production run
arena,AR-02.1,Организатор,Wizard создаёт и восстанавливает валидируемый черновик с весами критериев 100%,1,3,partial,"Wizard/draft/moderation → восстановление draft, immutable rules, серверный lifecycle конкурса",8a825925,2026-09-07,2026-09-07-functional-checkpoint.md,current source audit + accepted local evidence; no new production run
arena,AR-02.2,Организатор,Модерация и публикация требуют обязательных прав и нужного funding state,1,3,partial,"Wizard/draft/moderation → восстановление draft, immutable rules, серверный lifecycle конкурса",8a825925,2026-09-07,2026-09-07-functional-checkpoint.md,current source audit + accepted local evidence; no new production run
arena,AR-02.3,Организатор,"Дедлайн, закрытие, отмена и изменение правил имеют серверные переходы и audit",1,3,partial,"Wizard/draft/moderation → восстановление draft, immutable rules, серверный lifecycle конкурса",8a825925,2026-09-07,2026-09-07-functional-checkpoint.md,current source audit + accepted local evidence; no new production run
arena,AR-03.1,Участники и команды,"Solo/team enrollment проверяет статус конкурса и дедлайн, повтор идемпотентен",2,3,main-path-with-gaps,"Команды, приглашения, атомарные переходы → deadline policy и все UI/concurrency границы",8a825925,2026-09-07,2026-09-07-functional-checkpoint.md,current source audit + accepted local evidence; no new production run
arena,AR-03.2,Участники и команды,"Создание команды, приглашение, принятие/истечение доступны через UI",2,3,main-path-with-gaps,"Команды, приглашения, атомарные переходы → deadline policy и все UI/concurrency границы",8a825925,2026-09-07,2026-09-07-functional-checkpoint.md,current source audit + accepted local evidence; no new production run
arena,AR-03.3,Участники и команды,"Лимит команды, выход и передача капитанства защищены от параллельных конфликтов",2,3,main-path-with-gaps,"Команды, приглашения, атомарные переходы → deadline policy и все UI/concurrency границы",8a825925,2026-09-07,2026-09-07-functional-checkpoint.md,current source audit + accepted local evidence; no new production run
arena,AR-04.1,Workspace и submissions,Участник сохраняет immutable version модели/агента/RAG и приватные ссылки на артефакты,0,3,missing-or-plan,"Реализовать private submissions, versioned artifacts, workspace и выбор финальной версии",8a825925,2026-09-07,2026-09-07-functional-checkpoint.md,current source audit + accepted local evidence; no new production run
arena,AR-04.2,Workspace и submissions,Отправка/health-check/квоты и выбор не более двух final solutions enforced сервером,0,3,missing-or-plan,"Реализовать private submissions, versioned artifacts, workspace и выбор финальной версии",8a825925,2026-09-07,2026-09-07-functional-checkpoint.md,current source audit + accepted local evidence; no new production run
arena,AR-04.3,Workspace и submissions,Секреты endpoint и закрытые данные не попадают в публичный workspace или экспорт,0,3,missing-or-plan,"Реализовать private submissions, versioned artifacts, workspace и выбор финальной версии",8a825925,2026-09-07,2026-09-07-functional-checkpoint.md,current source audit + accepted local evidence; no new production run
arena,AR-05.1,Evaluation infrastructure,Runner выполняет закреплённую методику в ограниченном изолированном окружении,0,3,missing-or-plan,"Реализовать jobs/runner/sandbox, сохранение результата, timeout/retry/platform error",8a825925,2026-09-07,2026-09-07-functional-checkpoint.md,current source audit + accepted local evidence; no new production run
arena,AR-05.2,Evaluation infrastructure,Очередь сохраняет логи/результат/ошибку; повтор job не удваивает оценку,0,3,missing-or-plan,"Реализовать jobs/runner/sandbox, сохранение результата, timeout/retry/platform error",8a825925,2026-09-07,2026-09-07-functional-checkpoint.md,current source audit + accepted local evidence; no new production run
arena,AR-05.3,Evaluation infrastructure,Platform failure возвращает попытку; timeout/cancel и участническая ошибка различимы,0,3,missing-or-plan,"Реализовать jobs/runner/sandbox, сохранение результата, timeout/retry/platform error",8a825925,2026-09-07,2026-09-07-functional-checkpoint.md,current source audit + accepted local evidence; no new production run
arena,AR-06.1,Методики моделей/агентов/RAG,Модель оценивается на versioned dataset с зафиксированными параметрами,0,3,missing-or-plan,"Ввести разные проверяемые методики, версии датасетов и воспроизводимость",8a825925,2026-09-07,2026-09-07-functional-checkpoint.md,current source audit + accepted local evidence; no new production run
arena,AR-06.2,Методики моделей/агентов/RAG,Агент сравнивается по выполнению задачи при одинаковых tool/data/time/cost бюджетах,0,3,missing-or-plan,"Ввести разные проверяемые методики, версии датасетов и воспроизводимость",8a825925,2026-09-07,2026-09-07-functional-checkpoint.md,current source audit + accepted local evidence; no new production run
arena,AR-06.3,Методики моделей/агентов/RAG,RAG имеет corpus snapshot и раздельные retrieval/answer/citation метрики,0,3,missing-or-plan,"Ввести разные проверяемые методики, версии датасетов и воспроизводимость",8a825925,2026-09-07,2026-09-07-functional-checkpoint.md,current source audit + accepted local evidence; no new production run
arena,AR-07.1,Результаты конкурса,"Public и скрытый Final наборы разделены, исключена утечка финальных ответов",0,3,missing-or-plan,"Public/final datasets, настоящий score, freeze и апелляции",8a825925,2026-09-07,2026-09-07-functional-checkpoint.md,current source audit + accepted local evidence; no new production run
arena,AR-07.2,Результаты конкурса,"Leaderboard отражает воспроизводимый score, выборку, стоимость/время и ограничения сравнения",0,3,missing-or-plan,"Public/final datasets, настоящий score, freeze и апелляции",8a825925,2026-09-07,2026-09-07-functional-checkpoint.md,current source audit + accepted local evidence; no new production run
arena,AR-07.3,Результаты конкурса,После freeze финал пересчитывается по зафиксированным версиям с процедурой апелляции,0,3,missing-or-plan,"Public/final datasets, настоящий score, freeze и апелляции",8a825925,2026-09-07,2026-09-07-functional-checkpoint.md,current source audit + accepted local evidence; no new production run
arena,AR-08.1,Слепая Arena,Пары рандомизируются без показа идентичности до голоса; есть tie/both bad,0,3,missing-or-plan,"Пары, скрытие идентичности, голос/tie/both bad, антинакрутка и неопределённость рейтинга",8a825925,2026-09-07,2026-09-07-functional-checkpoint.md,current source audit + accepted local evidence; no new production run
arena,AR-08.2,Слепая Arena,Один валидный голос на battle защищён сервером и антинакруткой,0,3,missing-or-plan,"Пары, скрытие идентичности, голос/tie/both bad, антинакрутка и неопределённость рейтинга",8a825925,2026-09-07,2026-09-07-functional-checkpoint.md,current source audit + accepted local evidence; no new production run
arena,AR-08.3,Слепая Arena,Рейтинг версионирован и показывает объём данных/неопределённость по типу задач,0,3,missing-or-plan,"Пары, скрытие идентичности, голос/tie/both bad, антинакрутка и неопределённость рейтинга",8a825925,2026-09-07,2026-09-07-functional-checkpoint.md,current source audit + accepted local evidence; no new production run
arena,AR-09.1,Призы и споры,Публикация финансируемого конкурса требует подтверждённого покрытия обязательств,1,3,partial,"Funding enum → подтверждённое покрытие TON, team split, payout/refund/dispute",8a825925,2026-09-07,2026-09-07-functional-checkpoint.md,current source audit + accepted local evidence; no new production run
arena,AR-09.2,Призы и споры,"Победитель, split команды и выплаты проходят проверяемый процесс без double payout",0,3,missing-or-plan,"Funding enum → подтверждённое покрытие TON, team split, payout/refund/dispute",8a825925,2026-09-07,2026-09-07-functional-checkpoint.md,current source audit + accepted local evidence; no new production run
arena,AR-09.3,Призы и споры,Отмена/refund/dispute/дисквалификация имеют журнал и согласованные правила,0,3,missing-or-plan,"Funding enum → подтверждённое покрытие TON, team split, payout/refund/dispute",8a825925,2026-09-07,2026-09-07-functional-checkpoint.md,current source audit + accepted local evidence; no new production run
arena,AR-10.1,Профиль и операторы,"Профиль содержит подтверждённые работы и результаты, а не фиктивную репутацию",1,3,partial,"Профили/уведомления/admin → подтверждённые работы, appeals/reports и UX новых сценариев",8a825925,2026-09-07,2026-09-07-functional-checkpoint.md,current source audit + accepted local evidence; no new production run
arena,AR-10.2,Профиль и операторы,"Уведомления, участники организатора и admin appeal/report доступны нужным ролям",1,3,partial,"Профили/уведомления/admin → подтверждённые работы, appeals/reports и UX новых сценариев",8a825925,2026-09-07,2026-09-07-functional-checkpoint.md,current source audit + accepted local evidence; no new production run
arena,AR-10.3,Профиль и операторы,UX/a11y/mobile и статусы обработки покрывают все роли и ошибки,1,3,partial,"Профили/уведомления/admin → подтверждённые работы, appeals/reports и UX новых сценариев",8a825925,2026-09-07,2026-09-07-functional-checkpoint.md,current source audit + accepted local evidence; no new production run
arena,AR-11.1,Безопасность и надёжность,Auth/tenant/roles/rate limits и окружения тестовых данных изолированы,2,3,main-path-with-gaps,"Auth/roles/test guards → runner isolation, multi-instance limits, restore/queue/release parity",8a825925,2026-09-07,2026-09-07-functional-checkpoint.md,current source audit + accepted local evidence; no new production run
arena,AR-11.2,Безопасность и надёжность,Runner не получает production secrets или доступ к внутренней сети/соседним заданиям,0,3,missing-or-plan,"Auth/roles/test guards → runner isolation, multi-instance limits, restore/queue/release parity",8a825925,2026-09-07,2026-09-07-functional-checkpoint.md,current source audit + accepted local evidence; no new production run
arena,AR-11.3,Безопасность и надёжность,"CI, backup/restore, очереди и release parity проверяются на выпущенной версии",1,3,partial,"Auth/roles/test guards → runner isolation, multi-instance limits, restore/queue/release parity",8a825925,2026-09-07,2026-09-07-functional-checkpoint.md,current source audit + accepted local evidence; no new production run
arena,AR-12.1,Экспорт и выпуск,Проверенная версия экспортируется с согласием автора в draft Aggregator/Agents Market,0,3,missing-or-plan,Consent + права + pinned version/evidence → черновик AG/AM → проверенный пилот,8a825925,2026-09-07,2026-09-07-functional-checkpoint.md,current source audit + accepted local evidence; no new production run
arena,AR-12.2,Экспорт и выпуск,Права команды/лицензии и evidence hash сохраняются; новый version не наследует рейтинг,0,3,missing-or-plan,Consent + права + pinned version/evidence → черновик AG/AM → проверенный пилот,8a825925,2026-09-07,2026-09-07-functional-checkpoint.md,current source audit + accepted local evidence; no new production run
arena,AR-12.3,Экспорт и выпуск,Пилот проходит от конкурса и слепого сравнения до продажи с документированной поддержкой,0,3,missing-or-plan,Consent + права + pinned version/evidence → черновик AG/AM → проверенный пилот,8a825925,2026-09-07,2026-09-07-functional-checkpoint.md,current source audit + accepted local evidence; no new production run
agents-market,AM-01.1,Каталог агентов,Единый каталог различает шаблон/клон/наём и работающие/недоступные возможности,2,3,main-path-with-gaps,"Реальные list/detail, TMA discovery → версия, runtime/permissions, честные условия и Arena evidence",510c104,2026-09-07,2026-09-07-functional-checkpoint.md,current source audit + accepted local evidence; no new production run
agents-market,AM-01.2,Каталог агентов,"Карточка раскрывает задачи, runtime, разрешения, цену и версию агента",1,3,partial,"Реальные list/detail, TMA discovery → версия, runtime/permissions, честные условия и Arena evidence",510c104,2026-09-07,2026-09-07-functional-checkpoint.md,current source audit + accepted local evidence; no new production run
agents-market,AM-01.3,Каталог агентов,Поиск/фильтры и переход к результатам Arena не показывают неподтверждённые обещания,1,3,partial,"Реальные list/detail, TMA discovery → версия, runtime/permissions, честные условия и Arena evidence",510c104,2026-09-07,2026-09-07-functional-checkpoint.md,current source audit + accepted local evidence; no new production run
agents-market,AM-02.1,Вход и активация,Web auth и Telegram initData валидируются независимо сервером и поддерживают восстановление,1,3,partial,"Telegram auth → native Web auth/recovery, dual-proof linking, первый полезный run в обоих клиентах",510c104,2026-09-07,2026-09-07-functional-checkpoint.md,current source audit + accepted local evidence; no new production run
agents-market,AM-02.2,Вход и активация,Связать web и Telegram аккаунты можно только с подтверждением обоих; совпадение имени не связывает их,0,3,missing-or-plan,"Telegram auth → native Web auth/recovery, dual-proof linking, первый полезный run в обоих клиентах",510c104,2026-09-07,2026-09-07-functional-checkpoint.md,current source audit + accepted local evidence; no new production run
agents-market,AM-02.3,Вход и активация,Первый запуск в обоих приложениях объясняет расходы и выдаёт реальный результат,1,3,partial,"Telegram auth → native Web auth/recovery, dual-proof linking, первый полезный run в обоих клиентах",510c104,2026-09-07,2026-09-07-functional-checkpoint.md,current source audit + accepted local evidence; no new production run
agents-market,AM-03.1,Создание и версии,"Редактор валидирует модель, tools, MCP и доступные runtime capabilities",1,3,partial,"TMA editor/templates → capability validation, immutable publication, update/rollback policy",510c104,2026-09-07,2026-09-07-functional-checkpoint.md,current source audit + accepted local evidence; no new production run
agents-market,AM-03.2,Создание и версии,"Публикация immutable template исключает ключи, память и личную историю",1,3,partial,"TMA editor/templates → capability validation, immutable publication, update/rollback policy",510c104,2026-09-07,2026-09-07-functional-checkpoint.md,current source audit + accepted local evidence; no new production run
agents-market,AM-03.3,Создание и версии,Обновление/откат шаблона не меняет уже запущенную копию без выбранной политики,0,3,missing-or-plan,"TMA editor/templates → capability validation, immutable publication, update/rollback policy",510c104,2026-09-07,2026-09-07-functional-checkpoint.md,current source audit + accepted local evidence; no new production run
agents-market,AM-04.1,Надёжное исполнение,"Run state machine хранит прогресс, результат, timeout и cancel",1,3,partial,"Run/worker/history/limits → терминальный CAS, cancel/timeout, crash/retry без повторного эффекта",510c104,2026-09-07,2026-09-07-functional-checkpoint.md,current source audit + accepted local evidence; no new production run
agents-market,AM-04.2,Надёжное исполнение,Restart/retry worker не создаёт повторное внешнее действие и лишний settle,1,3,partial,"Run/worker/history/limits → терминальный CAS, cancel/timeout, crash/retry без повторного эффекта",510c104,2026-09-07,2026-09-07-functional-checkpoint.md,current source audit + accepted local evidence; no new production run
agents-market,AM-04.3,Надёжное исполнение,Квоты шагов/tools/подагентов и лимиты времени останавливают runaway run,1,3,partial,"Run/worker/history/limits → терминальный CAS, cancel/timeout, crash/retry без повторного эффекта",510c104,2026-09-07,2026-09-07-functional-checkpoint.md,current source audit + accepted local evidence; no new production run
agents-market,AM-05.1,Рантаймы и интеграции,Один основной runtime проходит capability/health/version контракт полностью,1,3,partial,Provider/credential/MCP функции → полный health/version контракт и проверенная memory isolation,510c104,2026-09-07,2026-09-07-functional-checkpoint.md,current source audit + accepted local evidence; no new production run
agents-market,AM-05.2,Рантаймы и интеграции,Подключение/отключение credentials и MCP scopes безопасно и обратимо,2,3,main-path-with-gaps,Provider/credential/MCP функции → полный health/version контракт и проверенная memory isolation,510c104,2026-09-07,2026-09-07-functional-checkpoint.md,current source audit + accepted local evidence; no new production run
agents-market,AM-05.3,Рантаймы и интеграции,Память рантайма доступна только своему scope и не переносится случайно между наймами,1,3,partial,Provider/credential/MCP функции → полный health/version контракт и проверенная memory isolation,510c104,2026-09-07,2026-09-07-functional-checkpoint.md,current source audit + accepted local evidence; no new production run
agents-market,AM-06.1,Бюджеты и деньги,Model/tool/runtime/author составляющие объяснимы и однозначно учтены,1,3,partial,"Guarded debit/ledger/daily cap → reservation, exact usage receipt, unknown/reconcile и TON",510c104,2026-09-07,2026-09-07-functional-checkpoint.md,current source audit + accepted local evidence; no new production run
agents-market,AM-06.2,Бюджеты и деньги,Кредиты резервируются/списываются/освобождаются с дневными/месячными лимитами,1,3,partial,"Guarded debit/ledger/daily cap → reservation, exact usage receipt, unknown/reconcile и TON",510c104,2026-09-07,2026-09-07-functional-checkpoint.md,current source audit + accepted local evidence; no new production run
agents-market,AM-06.3,Бюджеты и деньги,Повторы topup/refund/settle и BYOK не дают двойного списания или скрытого расхода,1,3,partial,"Guarded debit/ledger/daily cap → reservation, exact usage receipt, unknown/reconcile и TON",510c104,2026-09-07,2026-09-07-functional-checkpoint.md,current source audit + accepted local evidence; no new production run
agents-market,AM-07.1,Наём и клонирование,Клон получает чистую память и собственные credentials без секретов автора,2,3,main-path-with-gaps,"Free clone и paid rent транзакции → полный scope/права/бюджет, окончание доступа и расписаний",510c104,2026-09-07,2026-09-07-functional-checkpoint.md,current source audit + accepted local evidence; no new production run
agents-market,AM-07.2,Наём и клонирование,Наём создаёт отдельный scope клиента с правами и ограниченным бюджетом,1,3,partial,"Free clone и paid rent транзакции → полный scope/права/бюджет, окончание доступа и расписаний",510c104,2026-09-07,2026-09-07-functional-checkpoint.md,current source audit + accepted local evidence; no new production run
agents-market,AM-07.3,Наём и клонирование,Окончание найма/архивация останавливает доступ и расписания без потери квитанций,1,3,partial,"Free clone и paid rent транзакции → полный scope/права/бюджет, окончание доступа и расписаний",510c104,2026-09-07,2026-09-07-functional-checkpoint.md,current source audit + accepted local evidence; no new production run
agents-market,AM-08.1,Авторская экономика,Автор публикует тариф и получает проверяемые начисления по использованиям,2,3,main-path-with-gaps,"Тариф/rent credit/income API → доказуемая сверка, payout/refund/dispute и доступный остаток",510c104,2026-09-07,2026-09-07-functional-checkpoint.md,current source audit + accepted local evidence; no new production run
agents-market,AM-08.2,Авторская экономика,"Выплата, возврат и спор меняют ledger однократно с audit",1,3,partial,"Тариф/rent credit/income API → доказуемая сверка, payout/refund/dispute и доступный остаток",510c104,2026-09-07,2026-09-07-functional-checkpoint.md,current source audit + accepted local evidence; no new production run
agents-market,AM-08.3,Авторская экономика,"Кабинет показывает причину начисления, комиссию и доступный к выводу остаток",1,3,partial,"Тариф/rent credit/income API → доказуемая сверка, payout/refund/dispute и доступный остаток",510c104,2026-09-07,2026-09-07-functional-checkpoint.md,current source audit + accepted local evidence; no new production run
agents-market,AM-09.1,Автономность и разрешения,"Расписание имеет timezone, дедупликацию и пропуск/восстановление после простоя",2,3,main-path-with-gaps,"Расписания/атомарный claim, encrypted keys → downtime policy, approvals/kill switch и полный revoke audit",510c104,2026-09-07,2026-09-07-functional-checkpoint.md,current source audit + accepted local evidence; no new production run
agents-market,AM-09.2,Автономность и разрешения,Внешние необратимые действия требуют заданных разрешений и доступен kill switch,1,3,partial,"Расписания/атомарный claim, encrypted keys → downtime policy, approvals/kill switch и полный revoke audit",510c104,2026-09-07,2026-09-07-functional-checkpoint.md,current source audit + accepted local evidence; no new production run
agents-market,AM-09.3,Автономность и разрешения,"OAuth/секреты зашифрованы, отзываются и отсутствуют в logs/экспорте",1,3,partial,"Расписания/атомарный claim, encrypted keys → downtime policy, approvals/kill switch и полный revoke audit",510c104,2026-09-07,2026-09-07-functional-checkpoint.md,current source audit + accepted local evidence; no new production run
agents-market,AM-10.1,Два интерфейса,"Полноценный web имеет каталог, workspace, runs, author и billing кабинеты с mobile/a11y",1,3,partial,"TMA приложение и Web-витрина → полноценный Web workspace/run/author/billing, общий reconnect",510c104,2026-09-07,2026-09-07-functional-checkpoint.md,current source audit + accepted local evidence; no new production run
agents-market,AM-10.2,Два интерфейса,"TMA имеет Telegram auth, BackButton, safe area, launch parameters и reconnect внутри клиента",2,3,main-path-with-gaps,"TMA приложение и Web-витрина → полноценный Web workspace/run/author/billing, общий reconnect",510c104,2026-09-07,2026-09-07-functional-checkpoint.md,current source audit + accepted local evidence; no new production run
agents-market,AM-10.3,Два интерфейса,Оба интерфейса используют одни API права и данные; смена устройства не теряет run и историю,1,3,partial,"TMA приложение и Web-витрина → полноценный Web workspace/run/author/billing, общий reconnect",510c104,2026-09-07,2026-09-07-functional-checkpoint.md,current source audit + accepted local evidence; no new production run
agents-market,AM-11.1,Эксплуатация,CI включает run/money/tenant integration tests и видимые ошибки пропуска тестов,1,3,partial,"Own DB, guards, local checks → hung cleanup, crash/restore/release checks и операторский спор по run",510c104,2026-09-07,2026-09-07-functional-checkpoint.md,current source audit + accepted local evidence; no new production run
agents-market,AM-11.2,Эксплуатация,"Падение worker/Redis/runtime, backup/restore и остановка run проверены",1,3,partial,"Own DB, guards, local checks → hung cleanup, crash/restore/release checks и операторский спор по run",510c104,2026-09-07,2026-09-07-functional-checkpoint.md,current source audit + accepted local evidence; no new production run
agents-market,AM-11.3,Эксплуатация,Наблюдаемость связывает tenant/run/request/charge и позволяет разбирать спор,1,3,partial,"Own DB, guards, local checks → hung cleanup, crash/restore/release checks и операторский спор по run",510c104,2026-09-07,2026-09-07-functional-checkpoint.md,current source audit + accepted local evidence; no new production run
agents-market,AM-12.1,Экосистема и выпуск,Каталог моделей и inference работают через API Aggregator без SQL его БД,1,3,partial,"Gateway client и split → убрать чужой SQL, принять tools/capabilities, Arena export и оба releases",510c104,2026-09-07,2026-09-07-functional-checkpoint.md,current source audit + accepted local evidence; no new production run
agents-market,AM-12.2,Экосистема и выпуск,Экспорт в Arena передаёт pinned version без приватной памяти и возвращает evidence,0,3,missing-or-plan,"Gateway client и split → убрать чужой SQL, принять tools/capabilities, Arena export и оба releases",510c104,2026-09-07,2026-09-07-functional-checkpoint.md,current source audit + accepted local evidence; no new production run
agents-market,AM-12.3,Экосистема и выпуск,Web и TMA независимо проходят выпуск на общем совместимом API с отдельными клиентскими кошельками продуктов,1,3,partial,"Gateway client и split → убрать чужой SQL, принять tools/capabilities, Arena export и оба releases",510c104,2026-09-07,2026-09-07-functional-checkpoint.md,current source audit + accepted local evidence; no new production run
