id,block,requirement,evidence_level,acceptance,status,points,evidence,commit,environment,checked_at,owner
AR-01.1.I,Каталог конкурсов,"Фильтры, карточки и дедлайны показывают настоящие условия и состояние конкурса",I,Реализация: commit и путь; полный серверный/UI/API эффект,UNVERIFIED,0,,,,,
AR-01.1.T,Каталог конкурсов,"Фильтры, карточки и дедлайны показывают настоящие условия и состояние конкурса",T,"Проверка: тест, окружение, positive/negative, для критичных потоков race/retry/failure",UNVERIFIED,0,,,,,
AR-01.1.O,Каталог конкурсов,"Фильтры, карточки и дедлайны показывают настоящие условия и состояние конкурса",O,"Приёмка релиза: release/date, результат сценария, поддержка/recovery; I и T уже PASS",UNVERIFIED,0,,,,,
AR-01.2.I,Каталог конкурсов,"Challenge detail раскрывает правила, данные, критерии, финансирование и ограничения",I,Реализация: commit и путь; полный серверный/UI/API эффект,UNVERIFIED,0,,,,,
AR-01.2.T,Каталог конкурсов,"Challenge detail раскрывает правила, данные, критерии, финансирование и ограничения",T,"Проверка: тест, окружение, positive/negative, для критичных потоков race/retry/failure",UNVERIFIED,0,,,,,
AR-01.2.O,Каталог конкурсов,"Challenge detail раскрывает правила, данные, критерии, финансирование и ограничения",O,"Приёмка релиза: release/date, результат сценария, поддержка/recovery; I и T уже PASS",UNVERIFIED,0,,,,,
AR-01.3.I,Каталог конкурсов,Черновики и закрытые материалы видны только разрешённым ролям,I,Реализация: commit и путь; полный серверный/UI/API эффект,UNVERIFIED,0,,,,,
AR-01.3.T,Каталог конкурсов,Черновики и закрытые материалы видны только разрешённым ролям,T,"Проверка: тест, окружение, positive/negative, для критичных потоков race/retry/failure",UNVERIFIED,0,,,,,
AR-01.3.O,Каталог конкурсов,Черновики и закрытые материалы видны только разрешённым ролям,O,"Приёмка релиза: release/date, результат сценария, поддержка/recovery; I и T уже PASS",UNVERIFIED,0,,,,,
AR-02.1.I,Организатор,Wizard создаёт и восстанавливает валидируемый черновик с весами критериев 100%,I,Реализация: commit и путь; полный серверный/UI/API эффект,UNVERIFIED,0,,,,,
AR-02.1.T,Организатор,Wizard создаёт и восстанавливает валидируемый черновик с весами критериев 100%,T,"Проверка: тест, окружение, positive/negative, для критичных потоков race/retry/failure",UNVERIFIED,0,,,,,
AR-02.1.O,Организатор,Wizard создаёт и восстанавливает валидируемый черновик с весами критериев 100%,O,"Приёмка релиза: release/date, результат сценария, поддержка/recovery; I и T уже PASS",UNVERIFIED,0,,,,,
AR-02.2.I,Организатор,Модерация и публикация требуют обязательных прав и нужного funding state,I,Реализация: commit и путь; полный серверный/UI/API эффект,UNVERIFIED,0,,,,,
AR-02.2.T,Организатор,Модерация и публикация требуют обязательных прав и нужного funding state,T,"Проверка: тест, окружение, positive/negative, для критичных потоков race/retry/failure",UNVERIFIED,0,,,,,
AR-02.2.O,Организатор,Модерация и публикация требуют обязательных прав и нужного funding state,O,"Приёмка релиза: release/date, результат сценария, поддержка/recovery; I и T уже PASS",UNVERIFIED,0,,,,,
AR-02.3.I,Организатор,"Дедлайн, закрытие, отмена и изменение правил имеют серверные переходы и audit",I,Реализация: commit и путь; полный серверный/UI/API эффект,UNVERIFIED,0,,,,,
AR-02.3.T,Организатор,"Дедлайн, закрытие, отмена и изменение правил имеют серверные переходы и audit",T,"Проверка: тест, окружение, positive/negative, для критичных потоков race/retry/failure",UNVERIFIED,0,,,,,
AR-02.3.O,Организатор,"Дедлайн, закрытие, отмена и изменение правил имеют серверные переходы и audit",O,"Приёмка релиза: release/date, результат сценария, поддержка/recovery; I и T уже PASS",UNVERIFIED,0,,,,,
AR-03.1.I,Участники и команды,"Solo/team enrollment проверяет статус конкурса и дедлайн, повтор идемпотентен",I,Реализация: commit и путь; полный серверный/UI/API эффект,UNVERIFIED,0,,,,,
AR-03.1.T,Участники и команды,"Solo/team enrollment проверяет статус конкурса и дедлайн, повтор идемпотентен",T,"Проверка: тест, окружение, positive/negative, для критичных потоков race/retry/failure",UNVERIFIED,0,,,,,
AR-03.1.O,Участники и команды,"Solo/team enrollment проверяет статус конкурса и дедлайн, повтор идемпотентен",O,"Приёмка релиза: release/date, результат сценария, поддержка/recovery; I и T уже PASS",UNVERIFIED,0,,,,,
AR-03.2.I,Участники и команды,"Создание команды, приглашение, принятие/истечение доступны через UI",I,Реализация: commit и путь; полный серверный/UI/API эффект,UNVERIFIED,0,,,,,
AR-03.2.T,Участники и команды,"Создание команды, приглашение, принятие/истечение доступны через UI",T,"Проверка: тест, окружение, positive/negative, для критичных потоков race/retry/failure",UNVERIFIED,0,,,,,
AR-03.2.O,Участники и команды,"Создание команды, приглашение, принятие/истечение доступны через UI",O,"Приёмка релиза: release/date, результат сценария, поддержка/recovery; I и T уже PASS",UNVERIFIED,0,,,,,
AR-03.3.I,Участники и команды,"Лимит команды, выход и передача капитанства защищены от параллельных конфликтов",I,Реализация: commit и путь; полный серверный/UI/API эффект,UNVERIFIED,0,,,,,
AR-03.3.T,Участники и команды,"Лимит команды, выход и передача капитанства защищены от параллельных конфликтов",T,"Проверка: тест, окружение, positive/negative, для критичных потоков race/retry/failure",UNVERIFIED,0,,,,,
AR-03.3.O,Участники и команды,"Лимит команды, выход и передача капитанства защищены от параллельных конфликтов",O,"Приёмка релиза: release/date, результат сценария, поддержка/recovery; I и T уже PASS",UNVERIFIED,0,,,,,
AR-04.1.I,Workspace и submissions,Участник сохраняет immutable version модели/агента/RAG и приватные ссылки на артефакты,I,Реализация: commit и путь; полный серверный/UI/API эффект,UNVERIFIED,0,,,,,
AR-04.1.T,Workspace и submissions,Участник сохраняет immutable version модели/агента/RAG и приватные ссылки на артефакты,T,"Проверка: тест, окружение, positive/negative, для критичных потоков race/retry/failure",UNVERIFIED,0,,,,,
AR-04.1.O,Workspace и submissions,Участник сохраняет immutable version модели/агента/RAG и приватные ссылки на артефакты,O,"Приёмка релиза: release/date, результат сценария, поддержка/recovery; I и T уже PASS",UNVERIFIED,0,,,,,
AR-04.2.I,Workspace и submissions,Отправка/health-check/квоты и выбор не более двух final solutions enforced сервером,I,Реализация: commit и путь; полный серверный/UI/API эффект,UNVERIFIED,0,,,,,
AR-04.2.T,Workspace и submissions,Отправка/health-check/квоты и выбор не более двух final solutions enforced сервером,T,"Проверка: тест, окружение, positive/negative, для критичных потоков race/retry/failure",UNVERIFIED,0,,,,,
AR-04.2.O,Workspace и submissions,Отправка/health-check/квоты и выбор не более двух final solutions enforced сервером,O,"Приёмка релиза: release/date, результат сценария, поддержка/recovery; I и T уже PASS",UNVERIFIED,0,,,,,
AR-04.3.I,Workspace и submissions,Секреты endpoint и закрытые данные не попадают в публичный workspace или экспорт,I,Реализация: commit и путь; полный серверный/UI/API эффект,UNVERIFIED,0,,,,,
AR-04.3.T,Workspace и submissions,Секреты endpoint и закрытые данные не попадают в публичный workspace или экспорт,T,"Проверка: тест, окружение, positive/negative, для критичных потоков race/retry/failure",UNVERIFIED,0,,,,,
AR-04.3.O,Workspace и submissions,Секреты endpoint и закрытые данные не попадают в публичный workspace или экспорт,O,"Приёмка релиза: release/date, результат сценария, поддержка/recovery; I и T уже PASS",UNVERIFIED,0,,,,,
AR-05.1.I,Evaluation infrastructure,Runner выполняет закреплённую методику в ограниченном изолированном окружении,I,Реализация: commit и путь; полный серверный/UI/API эффект,UNVERIFIED,0,,,,,
AR-05.1.T,Evaluation infrastructure,Runner выполняет закреплённую методику в ограниченном изолированном окружении,T,"Проверка: тест, окружение, positive/negative, для критичных потоков race/retry/failure",UNVERIFIED,0,,,,,
AR-05.1.O,Evaluation infrastructure,Runner выполняет закреплённую методику в ограниченном изолированном окружении,O,"Приёмка релиза: release/date, результат сценария, поддержка/recovery; I и T уже PASS",UNVERIFIED,0,,,,,
AR-05.2.I,Evaluation infrastructure,Очередь сохраняет логи/результат/ошибку; повтор job не удваивает оценку,I,Реализация: commit и путь; полный серверный/UI/API эффект,UNVERIFIED,0,,,,,
AR-05.2.T,Evaluation infrastructure,Очередь сохраняет логи/результат/ошибку; повтор job не удваивает оценку,T,"Проверка: тест, окружение, positive/negative, для критичных потоков race/retry/failure",UNVERIFIED,0,,,,,
AR-05.2.O,Evaluation infrastructure,Очередь сохраняет логи/результат/ошибку; повтор job не удваивает оценку,O,"Приёмка релиза: release/date, результат сценария, поддержка/recovery; I и T уже PASS",UNVERIFIED,0,,,,,
AR-05.3.I,Evaluation infrastructure,Platform failure возвращает попытку; timeout/cancel и участническая ошибка различимы,I,Реализация: commit и путь; полный серверный/UI/API эффект,UNVERIFIED,0,,,,,
AR-05.3.T,Evaluation infrastructure,Platform failure возвращает попытку; timeout/cancel и участническая ошибка различимы,T,"Проверка: тест, окружение, positive/negative, для критичных потоков race/retry/failure",UNVERIFIED,0,,,,,
AR-05.3.O,Evaluation infrastructure,Platform failure возвращает попытку; timeout/cancel и участническая ошибка различимы,O,"Приёмка релиза: release/date, результат сценария, поддержка/recovery; I и T уже PASS",UNVERIFIED,0,,,,,
AR-06.1.I,Методики моделей/агентов/RAG,Модель оценивается на versioned dataset с зафиксированными параметрами,I,Реализация: commit и путь; полный серверный/UI/API эффект,UNVERIFIED,0,,,,,
AR-06.1.T,Методики моделей/агентов/RAG,Модель оценивается на versioned dataset с зафиксированными параметрами,T,"Проверка: тест, окружение, positive/negative, для критичных потоков race/retry/failure",UNVERIFIED,0,,,,,
AR-06.1.O,Методики моделей/агентов/RAG,Модель оценивается на versioned dataset с зафиксированными параметрами,O,"Приёмка релиза: release/date, результат сценария, поддержка/recovery; I и T уже PASS",UNVERIFIED,0,,,,,
AR-06.2.I,Методики моделей/агентов/RAG,Агент сравнивается по выполнению задачи при одинаковых tool/data/time/cost бюджетах,I,Реализация: commit и путь; полный серверный/UI/API эффект,UNVERIFIED,0,,,,,
AR-06.2.T,Методики моделей/агентов/RAG,Агент сравнивается по выполнению задачи при одинаковых tool/data/time/cost бюджетах,T,"Проверка: тест, окружение, positive/negative, для критичных потоков race/retry/failure",UNVERIFIED,0,,,,,
AR-06.2.O,Методики моделей/агентов/RAG,Агент сравнивается по выполнению задачи при одинаковых tool/data/time/cost бюджетах,O,"Приёмка релиза: release/date, результат сценария, поддержка/recovery; I и T уже PASS",UNVERIFIED,0,,,,,
AR-06.3.I,Методики моделей/агентов/RAG,RAG имеет corpus snapshot и раздельные retrieval/answer/citation метрики,I,Реализация: commit и путь; полный серверный/UI/API эффект,UNVERIFIED,0,,,,,
AR-06.3.T,Методики моделей/агентов/RAG,RAG имеет corpus snapshot и раздельные retrieval/answer/citation метрики,T,"Проверка: тест, окружение, positive/negative, для критичных потоков race/retry/failure",UNVERIFIED,0,,,,,
AR-06.3.O,Методики моделей/агентов/RAG,RAG имеет corpus snapshot и раздельные retrieval/answer/citation метрики,O,"Приёмка релиза: release/date, результат сценария, поддержка/recovery; I и T уже PASS",UNVERIFIED,0,,,,,
AR-07.1.I,Результаты конкурса,"Public и скрытый Final наборы разделены, исключена утечка финальных ответов",I,Реализация: commit и путь; полный серверный/UI/API эффект,UNVERIFIED,0,,,,,
AR-07.1.T,Результаты конкурса,"Public и скрытый Final наборы разделены, исключена утечка финальных ответов",T,"Проверка: тест, окружение, positive/negative, для критичных потоков race/retry/failure",UNVERIFIED,0,,,,,
AR-07.1.O,Результаты конкурса,"Public и скрытый Final наборы разделены, исключена утечка финальных ответов",O,"Приёмка релиза: release/date, результат сценария, поддержка/recovery; I и T уже PASS",UNVERIFIED,0,,,,,
AR-07.2.I,Результаты конкурса,"Leaderboard отражает воспроизводимый score, выборку, стоимость/время и ограничения сравнения",I,Реализация: commit и путь; полный серверный/UI/API эффект,UNVERIFIED,0,,,,,
AR-07.2.T,Результаты конкурса,"Leaderboard отражает воспроизводимый score, выборку, стоимость/время и ограничения сравнения",T,"Проверка: тест, окружение, positive/negative, для критичных потоков race/retry/failure",UNVERIFIED,0,,,,,
AR-07.2.O,Результаты конкурса,"Leaderboard отражает воспроизводимый score, выборку, стоимость/время и ограничения сравнения",O,"Приёмка релиза: release/date, результат сценария, поддержка/recovery; I и T уже PASS",UNVERIFIED,0,,,,,
AR-07.3.I,Результаты конкурса,После freeze финал пересчитывается по зафиксированным версиям с процедурой апелляции,I,Реализация: commit и путь; полный серверный/UI/API эффект,UNVERIFIED,0,,,,,
AR-07.3.T,Результаты конкурса,После freeze финал пересчитывается по зафиксированным версиям с процедурой апелляции,T,"Проверка: тест, окружение, positive/negative, для критичных потоков race/retry/failure",UNVERIFIED,0,,,,,
AR-07.3.O,Результаты конкурса,После freeze финал пересчитывается по зафиксированным версиям с процедурой апелляции,O,"Приёмка релиза: release/date, результат сценария, поддержка/recovery; I и T уже PASS",UNVERIFIED,0,,,,,
AR-08.1.I,Слепая Arena,Пары рандомизируются без показа идентичности до голоса; есть tie/both bad,I,Реализация: commit и путь; полный серверный/UI/API эффект,UNVERIFIED,0,,,,,
AR-08.1.T,Слепая Arena,Пары рандомизируются без показа идентичности до голоса; есть tie/both bad,T,"Проверка: тест, окружение, positive/negative, для критичных потоков race/retry/failure",UNVERIFIED,0,,,,,
AR-08.1.O,Слепая Arena,Пары рандомизируются без показа идентичности до голоса; есть tie/both bad,O,"Приёмка релиза: release/date, результат сценария, поддержка/recovery; I и T уже PASS",UNVERIFIED,0,,,,,
AR-08.2.I,Слепая Arena,Один валидный голос на battle защищён сервером и антинакруткой,I,Реализация: commit и путь; полный серверный/UI/API эффект,UNVERIFIED,0,,,,,
AR-08.2.T,Слепая Arena,Один валидный голос на battle защищён сервером и антинакруткой,T,"Проверка: тест, окружение, positive/negative, для критичных потоков race/retry/failure",UNVERIFIED,0,,,,,
AR-08.2.O,Слепая Arena,Один валидный голос на battle защищён сервером и антинакруткой,O,"Приёмка релиза: release/date, результат сценария, поддержка/recovery; I и T уже PASS",UNVERIFIED,0,,,,,
AR-08.3.I,Слепая Arena,Рейтинг версионирован и показывает объём данных/неопределённость по типу задач,I,Реализация: commit и путь; полный серверный/UI/API эффект,UNVERIFIED,0,,,,,
AR-08.3.T,Слепая Arena,Рейтинг версионирован и показывает объём данных/неопределённость по типу задач,T,"Проверка: тест, окружение, positive/negative, для критичных потоков race/retry/failure",UNVERIFIED,0,,,,,
AR-08.3.O,Слепая Arena,Рейтинг версионирован и показывает объём данных/неопределённость по типу задач,O,"Приёмка релиза: release/date, результат сценария, поддержка/recovery; I и T уже PASS",UNVERIFIED,0,,,,,
AR-09.1.I,Призы и споры,Публикация финансируемого конкурса требует подтверждённого покрытия обязательств,I,Реализация: commit и путь; полный серверный/UI/API эффект,UNVERIFIED,0,,,,,
AR-09.1.T,Призы и споры,Публикация финансируемого конкурса требует подтверждённого покрытия обязательств,T,"Проверка: тест, окружение, positive/negative, для критичных потоков race/retry/failure",UNVERIFIED,0,,,,,
AR-09.1.O,Призы и споры,Публикация финансируемого конкурса требует подтверждённого покрытия обязательств,O,"Приёмка релиза: release/date, результат сценария, поддержка/recovery; I и T уже PASS",UNVERIFIED,0,,,,,
AR-09.2.I,Призы и споры,"Победитель, split команды и выплаты проходят проверяемый процесс без double payout",I,Реализация: commit и путь; полный серверный/UI/API эффект,UNVERIFIED,0,,,,,
AR-09.2.T,Призы и споры,"Победитель, split команды и выплаты проходят проверяемый процесс без double payout",T,"Проверка: тест, окружение, positive/negative, для критичных потоков race/retry/failure",UNVERIFIED,0,,,,,
AR-09.2.O,Призы и споры,"Победитель, split команды и выплаты проходят проверяемый процесс без double payout",O,"Приёмка релиза: release/date, результат сценария, поддержка/recovery; I и T уже PASS",UNVERIFIED,0,,,,,
AR-09.3.I,Призы и споры,Отмена/refund/dispute/дисквалификация имеют журнал и согласованные правила,I,Реализация: commit и путь; полный серверный/UI/API эффект,UNVERIFIED,0,,,,,
AR-09.3.T,Призы и споры,Отмена/refund/dispute/дисквалификация имеют журнал и согласованные правила,T,"Проверка: тест, окружение, positive/negative, для критичных потоков race/retry/failure",UNVERIFIED,0,,,,,
AR-09.3.O,Призы и споры,Отмена/refund/dispute/дисквалификация имеют журнал и согласованные правила,O,"Приёмка релиза: release/date, результат сценария, поддержка/recovery; I и T уже PASS",UNVERIFIED,0,,,,,
AR-10.1.I,Профиль и операторы,"Профиль содержит подтверждённые работы и результаты, а не фиктивную репутацию",I,Реализация: commit и путь; полный серверный/UI/API эффект,UNVERIFIED,0,,,,,
AR-10.1.T,Профиль и операторы,"Профиль содержит подтверждённые работы и результаты, а не фиктивную репутацию",T,"Проверка: тест, окружение, positive/negative, для критичных потоков race/retry/failure",UNVERIFIED,0,,,,,
AR-10.1.O,Профиль и операторы,"Профиль содержит подтверждённые работы и результаты, а не фиктивную репутацию",O,"Приёмка релиза: release/date, результат сценария, поддержка/recovery; I и T уже PASS",UNVERIFIED,0,,,,,
AR-10.2.I,Профиль и операторы,"Уведомления, участники организатора и admin appeal/report доступны нужным ролям",I,Реализация: commit и путь; полный серверный/UI/API эффект,UNVERIFIED,0,,,,,
AR-10.2.T,Профиль и операторы,"Уведомления, участники организатора и admin appeal/report доступны нужным ролям",T,"Проверка: тест, окружение, positive/negative, для критичных потоков race/retry/failure",UNVERIFIED,0,,,,,
AR-10.2.O,Профиль и операторы,"Уведомления, участники организатора и admin appeal/report доступны нужным ролям",O,"Приёмка релиза: release/date, результат сценария, поддержка/recovery; I и T уже PASS",UNVERIFIED,0,,,,,
AR-10.3.I,Профиль и операторы,UX/a11y/mobile и статусы обработки покрывают все роли и ошибки,I,Реализация: commit и путь; полный серверный/UI/API эффект,UNVERIFIED,0,,,,,
AR-10.3.T,Профиль и операторы,UX/a11y/mobile и статусы обработки покрывают все роли и ошибки,T,"Проверка: тест, окружение, positive/negative, для критичных потоков race/retry/failure",UNVERIFIED,0,,,,,
AR-10.3.O,Профиль и операторы,UX/a11y/mobile и статусы обработки покрывают все роли и ошибки,O,"Приёмка релиза: release/date, результат сценария, поддержка/recovery; I и T уже PASS",UNVERIFIED,0,,,,,
AR-11.1.I,Безопасность и надёжность,Auth/tenant/roles/rate limits и окружения тестовых данных изолированы,I,Реализация: commit и путь; полный серверный/UI/API эффект,UNVERIFIED,0,,,,,
AR-11.1.T,Безопасность и надёжность,Auth/tenant/roles/rate limits и окружения тестовых данных изолированы,T,"Проверка: тест, окружение, positive/negative, для критичных потоков race/retry/failure",UNVERIFIED,0,,,,,
AR-11.1.O,Безопасность и надёжность,Auth/tenant/roles/rate limits и окружения тестовых данных изолированы,O,"Приёмка релиза: release/date, результат сценария, поддержка/recovery; I и T уже PASS",UNVERIFIED,0,,,,,
AR-11.2.I,Безопасность и надёжность,Runner не получает production secrets или доступ к внутренней сети/соседним заданиям,I,Реализация: commit и путь; полный серверный/UI/API эффект,UNVERIFIED,0,,,,,
AR-11.2.T,Безопасность и надёжность,Runner не получает production secrets или доступ к внутренней сети/соседним заданиям,T,"Проверка: тест, окружение, positive/negative, для критичных потоков race/retry/failure",UNVERIFIED,0,,,,,
AR-11.2.O,Безопасность и надёжность,Runner не получает production secrets или доступ к внутренней сети/соседним заданиям,O,"Приёмка релиза: release/date, результат сценария, поддержка/recovery; I и T уже PASS",UNVERIFIED,0,,,,,
AR-11.3.I,Безопасность и надёжность,"CI, backup/restore, очереди и release parity проверяются на выпущенной версии",I,Реализация: commit и путь; полный серверный/UI/API эффект,UNVERIFIED,0,,,,,
AR-11.3.T,Безопасность и надёжность,"CI, backup/restore, очереди и release parity проверяются на выпущенной версии",T,"Проверка: тест, окружение, positive/negative, для критичных потоков race/retry/failure",UNVERIFIED,0,,,,,
AR-11.3.O,Безопасность и надёжность,"CI, backup/restore, очереди и release parity проверяются на выпущенной версии",O,"Приёмка релиза: release/date, результат сценария, поддержка/recovery; I и T уже PASS",UNVERIFIED,0,,,,,
AR-12.1.I,Экспорт и выпуск,Проверенная версия экспортируется с согласием автора в draft Aggregator/Agents Market,I,Реализация: commit и путь; полный серверный/UI/API эффект,UNVERIFIED,0,,,,,
AR-12.1.T,Экспорт и выпуск,Проверенная версия экспортируется с согласием автора в draft Aggregator/Agents Market,T,"Проверка: тест, окружение, positive/negative, для критичных потоков race/retry/failure",UNVERIFIED,0,,,,,
AR-12.1.O,Экспорт и выпуск,Проверенная версия экспортируется с согласием автора в draft Aggregator/Agents Market,O,"Приёмка релиза: release/date, результат сценария, поддержка/recovery; I и T уже PASS",UNVERIFIED,0,,,,,
AR-12.2.I,Экспорт и выпуск,Права команды/лицензии и evidence hash сохраняются; новый version не наследует рейтинг,I,Реализация: commit и путь; полный серверный/UI/API эффект,UNVERIFIED,0,,,,,
AR-12.2.T,Экспорт и выпуск,Права команды/лицензии и evidence hash сохраняются; новый version не наследует рейтинг,T,"Проверка: тест, окружение, positive/negative, для критичных потоков race/retry/failure",UNVERIFIED,0,,,,,
AR-12.2.O,Экспорт и выпуск,Права команды/лицензии и evidence hash сохраняются; новый version не наследует рейтинг,O,"Приёмка релиза: release/date, результат сценария, поддержка/recovery; I и T уже PASS",UNVERIFIED,0,,,,,
AR-12.3.I,Экспорт и выпуск,Пилот проходит от конкурса и слепого сравнения до продажи с документированной поддержкой,I,Реализация: commit и путь; полный серверный/UI/API эффект,UNVERIFIED,0,,,,,
AR-12.3.T,Экспорт и выпуск,Пилот проходит от конкурса и слепого сравнения до продажи с документированной поддержкой,T,"Проверка: тест, окружение, positive/negative, для критичных потоков race/retry/failure",UNVERIFIED,0,,,,,
AR-12.3.O,Экспорт и выпуск,Пилот проходит от конкурса и слепого сравнения до продажи с документированной поддержкой,O,"Приёмка релиза: release/date, результат сценария, поддержка/recovery; I и T уже PASS",UNVERIFIED,0,,,,,
