id,scenario,acceptance,status,evidence,commits,environment,checked_at,owner
INT-01,Модель Arena → Aggregator,"Разрешённая версия создаёт один draft, проходит модерацию, вызывается по API, автор получает начисление",UNVERIFIED,,,,,
INT-02,Агент Market → Arena → Market,Экспортированы только разрешённые данные; evidence вернулось к той же версии,UNVERIFIED,,,,,
INT-03,Run из Web и из TMA,Оба используют общий API; права/баланс/история согласованы; разные run имеют разные correlation id,UNVERIFIED,,,,,
INT-04,Повтор webhook/job/event,Один business effect независимо от порядка и повторов,UNVERIFIED,,,,,
INT-05,401/403/402 Aggregator,Нет обхода прямым upstream; расход остановлен и клиент видит корректную причину,UNVERIFIED,,,,,
INT-06,Obsolete/suspended version,Новые вызовы следуют политике; активные run завершаются/отменяются корректно; рейтинг не мигрирует,UNVERIFIED,,,,,
INT-07,Сбой Arena,"Продажи/агенты продолжают работать; evidence помечено устаревшим, без фальшивого обновления",UNVERIFIED,,,,,
INT-08,Сбой Aggregator,Run не теряется и не списывается дважды; retry ограничен и соответствует idempotency policy,UNVERIFIED,,,,,
INT-09,Изоляция,"Чужие keys, scopes, traces, hires, usage, private datasets недоступны во всех клиентах",UNVERIFIED,,,,,
INT-10,RAG и agents fairness,Одинаковые corpus/tools/budgets; public/final разделены; условия видны в отчёте,UNVERIFIED,,,,,
INT-11,Identity linking,Подтверждение двух аккаунтов; запрет account takeover; корректны unlink и активные сессии,UNVERIFIED,,,,,
INT-12,Refund/payout/reconcile,Все продуктовые журналы сходятся; корреляция восстановима; повтор не меняет итог,UNVERIFIED,,,,,
INT-13,Независимые релизы,Новая версия одного frontend/backend не ломает предыдущую поддержанную версию другого,UNVERIFIED,,,,,
INT-14,Восстановление,Backup + outbox replay восстанавливают состояние без повторного списания/публикации,UNVERIFIED,,,,,
